[
    {
        "name": "divido/merchant-sdk",
        "version": "v2.0.0",
        "version_normalized": "2.0.0.0",
        "source": {
            "type": "git",
            "url": "https://github.com/dividohq/merchant-api-pub-sdk-php.git",
            "reference": "0e9db5dbb56505216a1be1ed74046eec6141acb4"
        },
        "dist": {
            "type": "zip",
            "url": "https://api.github.com/repos/dividohq/merchant-api-pub-sdk-php/zipball/0e9db5dbb56505216a1be1ed74046eec6141acb4",
            "reference": "0e9db5dbb56505216a1be1ed74046eec6141acb4",
            "shasum": ""
        },
        "require": {
            "php": ">=5.6",
            "psr/http-message": "^1.0",
            "psr/log": "^1"
        },
        "require-dev": {
            "guzzlehttp/guzzle": "^6.3",
            "hamcrest/hamcrest-php": "^2.0",
            "kint-php/kint": "^2.1",
            "mockery/mockery": "1.1.0",
            "phpdocumentor/phpdocumentor": "2.9.0",
            "phpdocumentor/reflection-docblock": "~2.0",
            "phpunit/phpunit": "^5"
        },
        "time": "2019-01-14T17:49:19+00:00",
        "type": "library",
        "installation-source": "dist",
        "autoload": {
            "psr-4": {
                "Divido\\MerchantSDK\\": "lib/"
            }
        },
        "notification-url": "https://packagist.org/downloads/",
        "authors": [
            {
                "name": "Neil McGibbon",
                "email": "code@neilmcgibbon.com"
            }
        ]
    },
    {
        "name": "divido/merchant-sdk-guzzle-5",
        "version": "dev-master",
        "version_normalized": "9999999-dev",
        "source": {
            "type": "git",
            "url": "https://github.com/dividohq/merchant-api-pub-sdk-php-guzzle5.git",
            "reference": "d1fdd46cf954c58345bcd6c00b8618d6ffe94cbf"
        },
        "dist": {
            "type": "zip",
            "url": "https://api.github.com/repos/dividohq/merchant-api-pub-sdk-php-guzzle5/zipball/d1fdd46cf954c58345bcd6c00b8618d6ffe94cbf",
            "reference": "d1fdd46cf954c58345bcd6c00b8618d6ffe94cbf",
            "shasum": ""
        },
        "require": {
            "divido/merchant-sdk": "^2.0",
            "guzzlehttp/guzzle": "~5.0",
            "guzzlehttp/psr7": "^1.5",
            "php": ">=5.6",
            "psr/http-message": "^1.0"
        },
        "require-dev": {
            "mockery/mockery": "1.1.0",
            "phpunit/phpunit": "^5"
        },
        "time": "2019-01-22T10:39:09+00:00",
        "type": "library",
        "installation-source": "source",
        "autoload": {
            "psr-4": {
                "Divido\\MerchantSDKGuzzle5\\": "lib/"
            }
        },
        "notification-url": "https://packagist.org/downloads/",
        "authors": [
            {
                "name": "Neil McGibbon",
                "email": "code@neilmcgibbon.com"
            },
            {
                "name": "Mike Lovely",
                "email": "mike.lovely@divido.com"
            }
        ]
    },
    {
        "name": "guzzlehttp/guzzle",
        "version": "5.3.3",
        "version_normalized": "5.3.3.0",
        "source": {
            "type": "git",
            "url": "https://github.com/guzzle/guzzle.git",
            "reference": "93bbdb30d59be6cd9839495306c65f2907370eb9"
        },
        "dist": {
            "type": "zip",
            "url": "https://api.github.com/repos/guzzle/guzzle/zipball/93bbdb30d59be6cd9839495306c65f2907370eb9",
            "reference": "93bbdb30d59be6cd9839495306c65f2907370eb9",
            "shasum": ""
        },
        "require": {
            "guzzlehttp/ringphp": "^1.1",
            "php": ">=5.4.0",
            "react/promise": "^2.2"
        },
        "require-dev": {
            "ext-curl": "*",
            "phpunit/phpunit": "^4.0"
        },
        "time": "2018-07-31T13:33:10+00:00",
        "type": "library",
        "installation-source": "dist",
        "autoload": {
            "psr-4": {
                "GuzzleHttp\\": "src/"
            }
        },
        "notification-url": "https://packagist.org/downloads/",
        "license": [
            "MIT"
        ],
        "authors": [
            {
                "name": "Michael Dowling",
                "email": "mtdowling@gmail.com",
                "homepage": "https://github.com/mtdowling"
            }
        ],
        "description": "Guzzle is a PHP HTTP client library and framework for building RESTful web service clients",
        "homepage": "http://guzzlephp.org/",
        "keywords": [
            "client",
            "curl",
            "framework",
            "http",
            "http client",
            "rest",
            "web service"
        ]
    },
    {
        "name": "guzzlehttp/psr7",
        "version": "1.5.2",
        "version_normalized": "1.5.2.0",
        "source": {
            "type": "git",
            "url": "https://github.com/guzzle/psr7.git",
            "reference": "9f83dded91781a01c63574e387eaa769be769115"
        },
        "dist": {
            "type": "zip",
            "url": "https://api.github.com/repos/guzzle/psr7/zipball/9f83dded91781a01c63574e387eaa769be769115",
            "reference": "9f83dded91781a01c63574e387eaa769be769115",
            "shasum": ""
        },
        "require": {
            "php": ">=5.4.0",
            "psr/http-message": "~1.0",
            "ralouphie/getallheaders": "^2.0.5"
        },
        "provide": {
            "psr/http-message-implementation": "1.0"
        },
        "require-dev": {
            "phpunit/phpunit": "~4.8.36 || ^5.7.27 || ^6.5.8"
        },
        "time": "2018-12-04T20:46:45+00:00",
        "type": "library",
        "extra": {
            "branch-alias": {
                "dev-master": "1.5-dev"
            }
        },
        "installation-source": "dist",
        "autoload": {
            "psr-4": {
                "GuzzleHttp\\Psr7\\": "src/"
            },
            "files": [
                "src/functions_include.php"
            ]
        },
        "notification-url": "https://packagist.org/downloads/",
        "license": [
            "MIT"
        ],
        "authors": [
            {
                "name": "Michael Dowling",
                "email": "mtdowling@gmail.com",
                "homepage": "https://github.com/mtdowling"
            },
            {
                "name": "Tobias Schultze",
                "homepage": "https://github.com/Tobion"
            }
        ],
        "description": "PSR-7 message implementation that also provides common utility methods",
        "keywords": [
            "http",
            "message",
            "psr-7",
            "request",
            "response",
            "stream",
            "uri",
            "url"
        ]
    },
    {
        "name": "guzzlehttp/ringphp",
        "version": "1.1.1",
        "version_normalized": "1.1.1.0",
        "source": {
            "type": "git",
            "url": "https://github.com/guzzle/RingPHP.git",
            "reference": "5e2a174052995663dd68e6b5ad838afd47dd615b"
        },
        "dist": {
            "type": "zip",
            "url": "https://api.github.com/repos/guzzle/RingPHP/zipball/5e2a174052995663dd68e6b5ad838afd47dd615b",
            "reference": "5e2a174052995663dd68e6b5ad838afd47dd615b",
            "shasum": ""
        },
        "require": {
            "guzzlehttp/streams": "~3.0",
            "php": ">=5.4.0",
            "react/promise": "~2.0"
        },
        "require-dev": {
            "ext-curl": "*",
            "phpunit/phpunit": "~4.0"
        },
        "suggest": {
            "ext-curl": "Guzzle will use specific adapters if cURL is present"
        },
        "time": "2018-07-31T13:22:33+00:00",
        "type": "library",
        "extra": {
            "branch-alias": {
                "dev-master": "1.1-dev"
            }
        },
        "installation-source": "dist",
        "autoload": {
            "psr-4": {
                "GuzzleHttp\\Ring\\": "src/"
            }
        },
        "notification-url": "https://packagist.org/downloads/",
        "license": [
            "MIT"
        ],
        "authors": [
            {
                "name": "Michael Dowling",
                "email": "mtdowling@gmail.com",
                "homepage": "https://github.com/mtdowling"
            }
        ],
        "description": "Provides a simple API and specification that abstracts away the details of HTTP into a single PHP function."
    },
    {
        "name": "guzzlehttp/streams",
        "version": "3.0.0",
        "version_normalized": "3.0.0.0",
        "source": {
            "type": "git",
            "url": "https://github.com/guzzle/streams.git",
            "reference": "47aaa48e27dae43d39fc1cea0ccf0d84ac1a2ba5"
        },
        "dist": {
            "type": "zip",
            "url": "https://api.github.com/repos/guzzle/streams/zipball/47aaa48e27dae43d39fc1cea0ccf0d84ac1a2ba5",
            "reference": "47aaa48e27dae43d39fc1cea0ccf0d84ac1a2ba5",
            "shasum": ""
        },
        "require": {
            "php": ">=5.4.0"
        },
        "require-dev": {
            "phpunit/phpunit": "~4.0"
        },
        "time": "2014-10-12T19:18:40+00:00",
        "type": "library",
        "extra": {
            "branch-alias": {
                "dev-master": "3.0-dev"
            }
        },
        "installation-source": "dist",
        "autoload": {
            "psr-4": {
                "GuzzleHttp\\Stream\\": "src/"
            }
        },
        "notification-url": "https://packagist.org/downloads/",
        "license": [
            "MIT"
        ],
        "authors": [
            {
                "name": "Michael Dowling",
                "email": "mtdowling@gmail.com",
                "homepage": "https://github.com/mtdowling"
            }
        ],
        "description": "Provides a simple abstraction over streams of data",
        "homepage": "http://guzzlephp.org/",
        "keywords": [
            "Guzzle",
            "stream"
        ]
    },
    {
        "name": "psr/http-message",
        "version": "1.0.1",
        "version_normalized": "1.0.1.0",
        "source": {
            "type": "git",
            "url": "https://github.com/php-fig/http-message.git",
            "reference": "f6561bf28d520154e4b0ec72be95418abe6d9363"
        },
        "dist": {
            "type": "zip",
            "url": "https://api.github.com/repos/php-fig/http-message/zipball/f6561bf28d520154e4b0ec72be95418abe6d9363",
            "reference": "f6561bf28d520154e4b0ec72be95418abe6d9363",
            "shasum": ""
        },
        "require": {
            "php": ">=5.3.0"
        },
        "time": "2016-08-06T14:39:51+00:00",
        "type": "library",
        "extra": {
            "branch-alias": {
                "dev-master": "1.0.x-dev"
            }
        },
        "installation-source": "dist",
        "autoload": {
            "psr-4": {
                "Psr\\Http\\Message\\": "src/"
            }
        },
        "notification-url": "https://packagist.org/downloads/",
        "license": [
            "MIT"
        ],
        "authors": [
            {
                "name": "PHP-FIG",
                "homepage": "http://www.php-fig.org/"
            }
        ],
        "description": "Common interface for HTTP messages",
        "homepage": "https://github.com/php-fig/http-message",
        "keywords": [
            "http",
            "http-message",
            "psr",
            "psr-7",
            "request",
            "response"
        ]
    },
    {
        "name": "psr/log",
        "version": "1.1.0",
        "version_normalized": "1.1.0.0",
        "source": {
            "type": "git",
            "url": "https://github.com/php-fig/log.git",
            "reference": "6c001f1daafa3a3ac1d8ff69ee4db8e799a654dd"
        },
        "dist": {
            "type": "zip",
            "url": "https://api.github.com/repos/php-fig/log/zipball/6c001f1daafa3a3ac1d8ff69ee4db8e799a654dd",
            "reference": "6c001f1daafa3a3ac1d8ff69ee4db8e799a654dd",
            "shasum": ""
        },
        "require": {
            "php": ">=5.3.0"
        },
        "time": "2018-11-20T15:27:04+00:00",
        "type": "library",
        "extra": {
            "branch-alias": {
                "dev-master": "1.0.x-dev"
            }
        },
        "installation-source": "dist",
        "autoload": {
            "psr-4": {
                "Psr\\Log\\": "Psr/Log/"
            }
        },
        "notification-url": "https://packagist.org/downloads/",
        "license": [
            "MIT"
        ],
        "authors": [
            {
                "name": "PHP-FIG",
                "homepage": "http://www.php-fig.org/"
            }
        ],
        "description": "Common interface for logging libraries",
        "homepage": "https://github.com/php-fig/log",
        "keywords": [
            "log",
            "psr",
            "psr-3"
        ]
    },
    {
        "name": "ralouphie/getallheaders",
        "version": "2.0.5",
        "version_normalized": "2.0.5.0",
        "source": {
            "type": "git",
            "url": "https://github.com/ralouphie/getallheaders.git",
            "reference": "5601c8a83fbba7ef674a7369456d12f1e0d0eafa"
        },
        "dist": {
            "type": "zip",
            "url": "https://api.github.com/repos/ralouphie/getallheaders/zipball/5601c8a83fbba7ef674a7369456d12f1e0d0eafa",
            "reference": "5601c8a83fbba7ef674a7369456d12f1e0d0eafa",
            "shasum": ""
        },
        "require": {
            "php": ">=5.3"
        },
        "require-dev": {
            "phpunit/phpunit": "~3.7.0",
            "satooshi/php-coveralls": ">=1.0"
        },
        "time": "2016-02-11T07:05:27+00:00",
        "type": "library",
        "installation-source": "dist",
        "autoload": {
            "files": [
                "src/getallheaders.php"
            ]
        },
        "notification-url": "https://packagist.org/downloads/",
        "license": [
            "MIT"
        ],
        "authors": [
            {
                "name": "Ralph Khattar",
                "email": "ralph.khattar@gmail.com"
            }
        ],
        "description": "A polyfill for getallheaders."
    },
    {
        "name": "react/promise",
        "version": "v2.7.1",
        "version_normalized": "2.7.1.0",
        "source": {
            "type": "git",
            "url": "https://github.com/reactphp/promise.git",
            "reference": "31ffa96f8d2ed0341a57848cbb84d88b89dd664d"
        },
        "dist": {
            "type": "zip",
            "url": "https://api.github.com/repos/reactphp/promise/zipball/31ffa96f8d2ed0341a57848cbb84d88b89dd664d",
            "reference": "31ffa96f8d2ed0341a57848cbb84d88b89dd664d",
            "shasum": ""
        },
        "require": {
            "php": ">=5.4.0"
        },
        "require-dev": {
            "phpunit/phpunit": "~4.8"
        },
        "time": "2019-01-07T21:25:54+00:00",
        "type": "library",
        "installation-source": "dist",
        "autoload": {
            "psr-4": {
                "React\\Promise\\": "src/"
            },
            "files": [
                "src/functions_include.php"
            ]
        },
        "notification-url": "https://packagist.org/downloads/",
        "license": [
            "MIT"
        ],
        "authors": [
            {
                "name": "Jan Sorgalla",
                "email": "jsorgalla@gmail.com"
            }
        ],
        "description": "A lightweight implementation of CommonJS Promises/A for PHP",
        "keywords": [
            "promise",
            "promises"
        ]
    }
]
